,feature,rmse_median_SANS,rmse_25perc_SANS,rmse_75perc_SANS,r2_median_SANS,r2_25perc_SANS,r2_75perc_SANS,r_median_SANS,r_25perc_SANS,r_75perc_SANS
0,Activity,5.124376420685127,4.979590020781081,5.361692834262738,-0.0014568399095518103,-0.003791021632410352,-0.00036504175024254515,0.0,0.0,0.0
1,Alpha,5.205494570942194,5.031160273649586,5.421071596023999,-0.00304796207038327,-0.027814244308264346,-0.0005787173415036095,0.0,0.0,0.0
2,alphaPh_betaAmp,5.163302714916892,5.025200598930836,5.358020259342165,-0.002051933352995028,-0.009030431265231509,0.0019489595084832279,0.0,0.0,0.08841405066553244
3,alphaPh_gammaAmp,5.146692445285609,4.979590020781081,5.4066605121473295,-0.0013125452736026944,-0.004607685175925524,-0.00033378279983664605,0.0,0.0,0.0
4,amp_env_meanAlpha,5.170278948623175,5.030102795562026,5.43199926458395,-0.0029557029807446566,-0.02717886174742823,-0.0007840890657834776,0.0,-0.0853199686905218,0.0
5,amp_env_meanBeta,5.123243217337242,5.004596945264919,5.361692834262738,-0.0013125452736026944,-0.0033981872850975536,-0.00033378543946827044,0.0,0.0,0.0
6,amp_env_meanDelta,5.147537330423916,5.004596945264919,5.361692834262738,-0.0014568399095518103,-0.006238531585816609,-0.00033123408451984915,0.0,0.0,0.0
7,amp_env_meanGamma,5.1310942469850715,4.979590020781081,5.357027752167451,-0.0020931166028084203,-0.006238531585816609,-0.00039499474844306715,0.0,0.0,0.0
8,amp_env_meanTheta,5.156949905836589,5.0252581311474565,5.444107736706059,-0.003165427627707662,-0.017525315118008256,-0.00042877459499307546,0.0,-0.10320697140639011,0.0
9,amp_env_stdAlpha,5.159260121216898,5.009609107322468,5.404594108592332,-0.0013756731492776675,-0.015253758713619114,0.0012391770603482066,0.0,0.0,0.08352670402687704
10,amp_env_stdBeta,5.123243217337242,5.004596945264919,5.361692834262738,-0.0013125452736026944,-0.0033981872850975536,-0.00033378543946827044,0.0,0.0,0.0
11,amp_env_stdDelta,5.153601807502767,5.022633330053926,5.361692834262738,-0.0015464632309761805,-0.005082719933176549,-0.00039499474844306715,0.0,0.0,0.0
12,amp_env_stdGamma,5.123243217337242,4.979590020781081,5.361692834262738,-0.0017642147281693443,-0.006901194886801687,-0.0003883345623624246,0.0,0.0,0.0
13,amp_env_stdTheta,5.168910180617105,5.026504918052382,5.423945645066193,-0.003165427627707662,-0.014613463439168806,-0.00040762843209196653,0.0,-0.09441176859819848,0.0
14,amp_kurtAlpha,5.201166635795579,5.0674945906907825,5.361692834262738,-0.003968465976704305,-0.04739624830929329,-0.001138262939221868,0.0,-0.06204748298073215,0.0
15,amp_kurtBeta,5.179874957633265,5.006102126751861,5.379373258553534,-0.0020003837970733462,-0.006901194886801687,-0.00036504175024254515,0.0,0.0,0.0
16,amp_kurtDelta,5.146692445285609,5.004596945264919,5.395246266912649,-0.0026166121051501845,-0.008561842569154987,-0.000421711372011746,0.0,0.0,0.0
17,amp_kurtGamma,5.166006438080133,5.0148299086484975,5.361692834262738,-0.0024833038536727914,-0.007106548364816723,-0.0004068702847820349,0.0,-0.04130907941739617,0.0
18,amp_kurtTheta,5.166647287627511,4.981443589837993,5.405207383706699,-0.0035574839329589603,-0.03055659394424165,-0.0003152255498553025,0.0,-0.00856120453618734,0.05811645943894478
19,amp_skewAlpha,5.154688206013875,5.018377350439438,5.339433711810401,-0.0031278120479688587,-0.015180222876778782,-6.784683836913441e-06,0.04452156091873262,0.0,0.11056775514104675
20,amp_skewBeta,5.213477759264528,5.028855464057273,5.402020105354271,-0.00299328750102823,-0.011859389968368383,-0.0004196721914193069,0.0,-0.004010043427078273,0.0
21,amp_skewDelta,5.117814188010103,5.004596945264919,5.3624498853147635,-0.0016838660835549746,-0.007011441138958685,-0.00023778232091831164,0.0,0.0,0.07101413727888699
22,amp_skewGamma,5.123243217337242,5.004596945264919,5.358174931885964,-0.0013976430706716947,-0.003905260483438755,-0.00036504175024254515,0.0,0.0,0.0
23,amp_skewTheta,5.123243217337242,5.004103578228923,5.390804269010786,-0.003968465976704305,-0.024068424818805556,-0.001003892014033947,0.0,-0.03674065223103476,0.0
24,amp_total_powAlpha,5.170279362132381,5.030102795562026,5.43199926458395,-0.002955742861458166,-0.027177699903351893,-0.0007840890657834776,0.0,-0.08532006107234501,0.0
25,amp_total_powBeta,5.123243217337242,5.004596945264919,5.361692834262738,-0.0013125452736026944,-0.0033981872850975536,-0.00033378543946827044,0.0,0.0,0.0
26,amp_total_powDelta,5.147053888860898,5.004596945264919,5.361692834262738,-0.0014568399095518103,-0.006238531585816609,-0.00033123408451984915,0.0,0.0,0.0
27,amp_total_powGamma,5.131094029555556,4.979590020781081,5.357027779911689,-0.0020931166028084203,-0.006238531585816609,-0.00039499474844306715,0.0,0.0,0.0
28,amp_total_powTheta,5.156956023033807,5.025242942984606,5.444107769784297,-0.003165427627707662,-0.017526575971282654,-0.00042877459499307546,0.0,-0.10318212767538155,0.0
29,approxEnt,5.249685602845025,5.029542993597531,5.462922463764214,-0.003968465976704305,-0.03530876820515749,-0.00039234896096385086,0.0,-0.03649592500855914,0.006759881662001929
30,Beta,5.153423977624258,4.982597106930698,5.360139023492245,-0.0028351514382308762,-0.008057585546529522,-0.0003641921784702795,0.0,0.0,0.0
31,betaPh_gammaAmp,5.120356231660847,5.018229324316306,5.3628828509486555,-0.0030372844602761795,-0.010316770593550628,-0.00033378279983664605,0.0,-0.06362747370034638,0.0
32,Complexity,5.190670842073619,5.004596945264919,5.361692834262738,-0.0029486349744342055,-0.007577234165529856,-0.0009670049511342205,0.0,-0.04722823956374883,0.0
33,CorDim,5.251256871523833,5.043745102615139,5.433362838312499,-0.010892154596795045,-0.08475332963722504,-0.0023683208322861082,0.0,-0.13681367015848384,0.0
34,Delta,5.124871788342764,4.993096394748255,5.361692834262738,-0.0025207384466323646,-0.006901194886801687,-0.00040762843209196653,0.0,0.0,0.0
35,deltaPh_alphaAmp,5.261256531150741,5.083780382477945,5.5128332568819065,-0.0038039193434113994,-0.05965885337268334,-0.0005787173415036095,0.0,-0.020006880544842252,0.0
36,deltaPh_betaAmp,5.110120413104239,4.979590020781081,5.3486288020319765,-0.001114567739652017,-0.0032709916160870156,-0.00033123408451984915,0.0,0.0,0.0
37,deltaPh_gammaAmp,5.205494570942194,5.004596945264919,5.400908567642671,-0.0020931166028084203,-0.004607685175925524,-0.0003883345623624246,0.0,0.0,0.0
38,DFA_exp_alpha,5.123243217337242,5.006417325132617,5.400908567642671,-0.00221813529426651,-0.007687764688550425,-0.00040762843209196653,0.0,-0.08568003122750147,0.0
39,DFA_exp_beta,5.116718101188635,5.004596945264919,5.43002948945681,-0.0025207384466323646,-0.008045438934141613,-0.0003883345623624246,0.0,0.0,0.0
40,DFA_exp_delta,5.123243217337242,5.004596945264919,5.3693004147414465,-0.0020931166028084203,-0.006238531585816609,-0.0003641895388386551,0.0,0.0,0.0
41,DFA_exp_gamma,5.1643685039424865,5.004596945264919,5.3486288020319765,-0.002333811196067792,-0.006238531585816609,-0.0003781989826950882,0.0,0.0,0.0
42,DFA_exp_theta,5.166006438080133,5.004596945264919,5.400908567642671,-0.001622301763006262,-0.004211395182617594,-0.0004068702847820349,0.0,0.0,0.0
43,el_dtf_betw_alpha,5.157032128164227,5.018913746378432,5.4066314643219275,-0.0024551371569832003,-0.008781872002831259,-0.00031109426272196705,0.0,-0.006455918875857549,0.034683473786504534
44,el_dtf_betw_beta,5.135220503872329,4.981931700683579,5.374386818090423,-0.0016925238505610674,-0.006982785178562212,0.00047768110380036477,0.0,-0.005942157959282929,0.10842279401172389
45,el_dtf_betw_delta,5.1636612785815394,5.007215940448988,5.397760342378041,-0.00235845065760254,-0.009476962207338069,4.0395042700036576e-05,0.0,-0.002756690403980331,0.0720980239658717
46,el_dtf_betw_gamma,5.112058392920252,4.958018360731198,5.290910887996618,0.003509193894341678,-0.00263856909599125,0.0300389038174656,0.16580697962822752,0.05608390654323862,0.230092758573021
47,el_dtf_betw_theta,5.185914167723608,5.030376758314622,5.3788630482479185,-0.004245799107438164,-0.022278956728560895,-0.0006887634093009076,0.0,-0.03238663459894951,0.05079401366200101
48,el_dtf_clus_alpha,5.173296667007923,5.004596945264919,5.352401436283024,-0.00221813529426651,-0.004607685175925524,-0.0005787173415036095,0.0,0.0,0.0
49,el_dtf_clus_beta,5.165907306871973,5.004596945264919,5.3486288020319765,-0.0014568399095518103,-0.0036364208230424966,-0.00033123408451984915,0.0,0.0,0.0
50,el_dtf_clus_delta,5.169135228857321,5.011247399887541,5.361692834262738,-0.0014954292993570872,-0.006836635178845363,-0.00033378543946827044,0.0,0.0,0.0
51,el_dtf_clus_gamma,5.152120829750402,5.004596945264919,5.3486288020319765,-0.0015291326712549846,-0.004160356259280074,-0.00040762843209196653,0.0,0.0,0.0
52,el_dtf_clus_theta,5.179874957633265,5.004596945264919,5.3536729618117445,-0.0017642147281693443,-0.004311933006975632,-0.00036504175024254515,0.0,0.0,0.0
53,el_dtf_str_alpha,5.150030266204893,4.983310741579495,5.386505478281542,-0.0017905210565812846,-0.01054355491597242,0.005845160010753775,0.0,0.0,0.12103780322942516
54,el_dtf_str_beta,5.1387609599205035,5.008981246994622,5.361692834262738,-0.0031664864489062694,-0.011268427182664131,-0.00013451046646306697,0.0,0.0,0.0867216630068855
55,el_dtf_str_delta,5.126000951397648,5.014159247016412,5.379373258553534,-0.002671018734439645,-0.010831810286333954,-0.0004248160828800862,0.0,0.0,0.0
56,el_dtf_str_gamma,5.154584366737258,4.953568093420159,5.337158414449031,-0.00029921437555913144,-0.023882141496440468,0.026969005512192168,0.06911674784507087,0.0,0.2042462903826014
57,el_dtf_str_theta,5.130913634806014,4.9983609736261005,5.3743950987001,-0.0031664864489062694,-0.014397471790223992,-0.0002630686587283271,0.0,0.0,0.030556344608325247
58,el_icoh_betw_alpha,5.146692445285609,5.006984427176325,5.360604350139273,-0.002715327369940179,-0.004474090628887317,-0.0005787173415036095,0.0,-0.04647299667115811,0.0
59,el_icoh_betw_beta,5.203677177926639,5.02514033458816,5.392848803362223,-0.0021756196202942224,-0.011045654037770858,-0.0004248160828800862,0.0,-0.009624140279387057,0.07525777515921786
60,el_icoh_betw_delta,5.166006438080133,4.983457394086483,5.3486288020319765,-0.0020848888652721387,-0.004503152688986267,-0.0003641895388386551,0.0,0.0,0.0
61,el_icoh_betw_gamma,5.119962287408955,5.004596945264919,5.364758196780444,-0.002053921929816682,-0.004021778702820944,-0.0004068702847820349,0.0,0.0,0.0
62,el_icoh_betw_theta,5.1116069586832005,4.979590020781081,5.380070471053391,-0.002048679152724553,-0.004818523456943058,-0.0003781989826950882,0.0,-0.04841266460037366,0.0
63,el_icoh_clus_alpha,5.160254422595813,5.018954429890819,5.400908567642671,-0.001333917860082856,-0.006707062278759501,-0.00013878274706852212,0.0,0.0,0.033555869635469464
64,el_icoh_clus_beta,5.184272530859756,5.011974042915323,5.400908567642671,-0.0028351514382308762,-0.009121247633474328,-0.0005729881245742363,0.0,-0.002482581196192912,0.0
65,el_icoh_clus_delta,5.123243217337242,4.979590020781081,5.349814833326569,-0.0013125452736026944,-0.003791021632410352,-0.00036504175024254515,0.0,0.0,0.0
66,el_icoh_clus_gamma,5.123243217337242,5.026504918052382,5.361692834262738,-0.0020931166028084203,-0.007206334231843525,-0.00039060900429221945,0.0,0.0,0.0
67,el_icoh_clus_theta,5.188276996521637,4.987887633391955,5.405207383706699,-0.0029151354437696453,-0.009375241994888595,-0.000745818265250553,0.0,-0.0687613783553147,0.0
68,el_icoh_str_alpha,5.140830803694762,5.0195932262563385,5.400908567642671,-0.0025080687471567,-0.0076938498155908475,-0.00015132788453359192,0.0,0.0,0.014562891180510991
69,el_icoh_str_beta,5.168445023492719,5.020089337092761,5.379373258553534,-0.002074569572772189,-0.007671190415286744,-0.0005729881245742363,0.0,-0.019464395715090614,0.0
70,el_icoh_str_delta,5.123243217337242,4.979590020781081,5.350178410493924,-0.0013976430706716947,-0.004405575225414904,-0.0003641921784702795,0.0,0.0,0.0
71,el_icoh_str_gamma,5.125614151026231,5.020523739693067,5.361692834262738,-0.0012733001814438927,-0.005923110899790529,-0.00029016226927369715,0.0,0.0,0.0
72,el_icoh_str_theta,5.173399326991186,5.012617704600991,5.362179385546568,-0.0032692923750025082,-0.009047794692814082,-0.0006637121683740754,0.0,-0.1021278221841039,0.0
73,el_plv_betw_alpha,5.212020480110137,5.013030477586863,5.347182209842709,-0.0010413771172858022,-0.009375241994888595,0.004504335787398256,0.07701595634844075,0.0,0.14685077149615414
74,el_plv_betw_beta,5.110120413104239,5.004596945264919,5.3486288020319765,-0.0014568399095518103,-0.003958964805910514,-0.00039499474844306715,0.0,0.0,0.0
75,el_plv_betw_delta,5.145535543417283,4.979590020781081,5.369492129914638,-0.0020931166028084203,-0.007153743431293158,-0.00039499474844306715,0.0,0.0,0.0
76,el_plv_betw_gamma,5.110120413104239,4.979590020781081,5.361692834262738,-0.0015464632309761805,-0.003791021632410352,-0.00039499474844306715,0.0,0.0,0.0
77,el_plv_betw_theta,5.1952458356334414,5.029253441461212,5.404446528144746,-0.003232585945383115,-0.024668287301812364,-1.7211104896164287e-05,0.008021601233734719,0.0,0.10636827309664376
78,el_plv_clus_alpha,5.188814534472401,5.007453094263076,5.376613230887656,-0.0031507679964795088,-0.015164908509042674,-0.00022391807159521937,0.0,0.0,0.05748948410034939
79,el_plv_clus_beta,5.123243217337242,4.979590020781081,5.352232941222702,-0.0013125452736026944,-0.0033981872850975536,-0.00033123408451984915,0.0,0.0,0.0
80,el_plv_clus_delta,5.124185413437446,4.994953191256169,5.391609503957565,-0.0029344785341799406,-0.010591530927808124,-0.00040762843209196653,0.0,-0.11671144881603884,0.0
81,el_plv_clus_gamma,5.110120413104239,4.991935759066587,5.358025130273648,-0.0013125452736026944,-0.003791021632410352,-0.00033378543946827044,0.0,0.0,0.0
82,el_plv_clus_theta,5.1645768407757835,5.020506706838894,5.358677938890577,-0.0029198189029517874,-0.01710528788837057,0.0058921876292192255,0.0,-0.027517429518471515,0.09577919526345188
83,el_plv_str_alpha,5.154238994342586,5.011610617929639,5.361415439705503,-0.0012733001814438927,-0.010178323061615813,0.006501393928033172,0.018254724335706796,0.0,0.14632867268236358
84,el_plv_str_beta,5.123243217337242,4.981569196358128,5.3486288020319765,-0.0013499176197495633,-0.003791021632410352,-0.00033378543946827044,0.0,0.0,0.0
85,el_plv_str_delta,5.123986475123562,4.981457625809504,5.400908567642671,-0.00250756393567908,-0.01074020206208276,-0.00040762843209196653,0.0,-0.05648675374100738,0.0
86,el_plv_str_gamma,5.110120413104239,4.993824311373443,5.361692834262738,-0.0014568399095518103,-0.003905260483438755,-0.00036504175024254515,0.0,0.0,0.0
87,el_plv_str_theta,5.149655222357902,5.006919068589795,5.353843201054236,-0.0029198189029517874,-0.010512329451501934,0.0010485136765976677,0.0,-0.03341510934589894,0.0811751429682505
88,Gamma,5.161643766706424,5.026504918052382,5.391654338228905,-0.0029151354437696453,-0.008904814839529429,-0.00042877459499307546,0.0,0.0,0.0
89,HE,5.110120413104239,4.979864469758409,5.361692834262738,-0.00221813529426651,-0.006767615636630697,-0.00039499474844306715,0.0,0.0,0.0
90,HFD_Alpha,5.1462687554369415,5.026504918052382,5.409821200748365,-0.003165427627707662,-0.009481433527158856,-0.00042877459499307546,0.0,0.0,0.0
91,HFD_Beta,5.1873902503316565,5.012617704600991,5.421071596023999,-0.003165427627707662,-0.013130290224275698,-0.0006637121683740754,0.0,-0.013831802275719972,0.0
92,HFD_Delta,5.110120413104239,4.979590020781081,5.361692834262738,-0.0014568399095518103,-0.003905260483438755,-0.00036504175024254515,0.0,0.0,0.0
93,HFD_Gamma,5.209557648507119,5.043152478086048,5.3752787065239245,-0.003336271371272792,-0.010983681801247314,-0.00039499474844306715,0.0,-0.013463137046749413,0.0
94,HFD_Theta,5.277968598313169,5.080139607240712,5.42311598918496,-0.002963294605662359,-0.06335399612035825,-0.0003883345623624246,0.0,0.0,0.0
95,INSTalpha_betwcentr,5.159258247495366,5.003575587514489,5.39363254010834,-0.0029198189029517874,-0.021924375844076527,-0.0002450821863786423,0.04603825543656844,0.0,0.16505259621088653
96,INSTalpha_clusteringcoefficient,5.145535543417283,5.004486805485747,5.367371183543703,-0.0026944911862436527,-0.009272135801563497,-0.0003883345623624246,0.0,0.0,0.0
97,INSTalpha_nodestrength,5.165153418028801,5.01516743687132,5.372723141727733,-0.0017596892038139744,-0.010433783676516484,9.340116424885747e-05,0.0,-0.003945422831329276,0.08032018903501043
98,INSTbeta_betwcentr,5.109954115711684,5.011617323352745,5.374032461242892,-0.0017642147281693443,-0.0049442987683460116,-0.00033123408451984915,0.0,0.0,0.0
99,INSTbeta_clusteringcoefficient,5.111986203482685,4.979590020781081,5.3486288020319765,-0.0014568399095518103,-0.003791021632410352,-0.00036504175024254515,0.0,0.0,0.0
100,INSTbeta_nodestrength,5.146692445285609,4.979590020781081,5.379272005783537,-0.0017579497817333811,-0.004211395182617594,-0.0003883345623624246,0.0,0.0,0.0
101,INSTdelta_betwcentr,5.179874957633265,5.0331803965471344,5.424474320538532,-0.0046544205110868875,-0.019617206963844447,-0.00042877459499307546,0.0,-0.03479788685757587,0.0
102,INSTdelta_clusteringcoefficient,5.127993228060054,5.010025677592462,5.347760101453353,-0.0025770245470302378,-0.007577234165529856,-0.00022541221620292484,0.0,0.0,0.024859137791710884
103,INSTdelta_nodestrength,5.123088246989595,5.023095562183164,5.379373258553534,-0.0026944911862436527,-0.012110319581045859,-0.00022541221620292484,0.0,0.0,0.026070034119865155
104,INSTgamma_betwcentr,5.179714105614641,5.026504918052382,5.3913170581115,-0.002216552533553795,-0.009800314915538955,-0.0001528220291412974,0.0,0.0,8.394186993200548e-05
105,INSTgamma_clusteringcoefficient,5.113098746389756,5.020089337092761,5.3486288020319765,-0.0015464632309761805,-0.004607685175925524,-0.0003883345623624246,0.0,0.0,0.0
106,INSTgamma_nodestrength,5.123243217337242,5.0020049182563895,5.3486288020319765,-0.001214103342563777,-0.003791021632410352,-0.00033378543946827044,0.0,0.0,0.0
107,INSTtheta_betwcentr,5.16959706829395,4.99977343965711,5.341677054250017,-0.0012333182369942408,-0.008045438934141613,0.0027807796864108003,0.023458618680291258,0.0,0.09736536362373975
108,INSTtheta_clusteringcoefficient,5.1737798069016625,5.028855464057273,5.400908567642671,-0.0026944911862436527,-0.007594989356613013,-0.0003883345623624246,0.0,-0.02009816648568153,0.0
109,INSTtheta_nodestrength,5.160948692154694,5.028030724375787,5.400908567642671,-0.0017596892038139744,-0.006901194886801687,-0.00028408824107550856,0.0,0.0,0.0
110,KFD_Alpha,5.1940557055355985,5.023174692357249,5.425146144476441,-0.0032692923750025082,-0.025509328956198674,-0.00039499474844306715,0.0,-0.026815432535457054,0.0
111,KFD_Beta,5.123243217337242,5.004596945264919,5.361692834262738,-0.0014568399095518103,-0.003791021632410352,-0.00036504175024254515,0.0,0.0,0.0
112,KFD_Delta,5.153430543570107,5.020089337092761,5.3664860198524735,-0.0019214378227726536,-0.008045438934141613,-0.0003781989826950882,0.0,0.0,0.0
113,KFD_Gamma,5.123243217337242,4.979590020781081,5.361692834262738,-0.0016701769027434032,-0.0041426625670591966,-0.0003883345623624246,0.0,0.0,0.0
114,KFD_Theta,5.166006438080133,5.015636181287176,5.4364022029479875,-0.003165427627707662,-0.017364253684342135,-0.00042877459499307546,0.0,-0.14124243599720587,0.0
115,LCOHalpha_betwcentr,5.173053477081501,5.026444097207339,5.35070490407417,-0.0026944911862436527,-0.008690952179952027,-0.0008084990274027093,0.0,-0.11854873800565738,0.0
116,LCOHalpha_clusteringcoefficient,5.196056866321271,5.026504918052382,5.420779143824671,-0.0026944911862436527,-0.011110561832672283,-0.0003781989826950882,0.0,-0.006174236474772769,0.0
117,LCOHalpha_nodestrength,5.164070503012605,5.026504918052382,5.400908567642671,-0.002529892610823814,-0.01020991763333684,-0.0003781989826950882,0.0,-0.02186801180028514,0.0
118,LCOHbeta_betwcentr,5.228530508280186,5.045481990079539,5.421916542977049,-0.0020382774791399827,-0.03489545556875345,-1.3532854099440605e-05,0.01712661601874179,0.0,0.10086413770190103
119,LCOHbeta_clusteringcoefficient,5.145535543417283,4.97984882218251,5.407331838192255,-0.0028351514382308762,-0.008185464068255766,-0.0006156409918470218,0.0,-0.04220093314614807,0.0
120,LCOHbeta_nodestrength,5.146609798278555,4.979590020781081,5.390035796929602,-0.002661398698619588,-0.006695975878846572,-0.0003222241584094898,0.0,-0.009658653437579998,0.0024224616247717906
121,LCOHdelta_betwcentr,5.136683402085415,4.986475579658233,5.343508547000422,-0.0018787526280719113,-0.013460491551185672,0.005119308326359956,0.008259140145787502,0.0,0.14460161491540938
122,LCOHdelta_clusteringcoefficient,5.110120413104239,4.979590020781081,5.3486288020319765,-0.0013125452736026944,-0.0033981872850975536,-0.00033378543946827044,0.0,0.0,0.0
123,LCOHdelta_nodestrength,5.110120413104239,4.979590020781081,5.361692834262738,-0.0014568399095518103,-0.003905260483438755,-0.00036504175024254515,0.0,0.0,0.0
124,LCOHgamma_betwcentr,5.137125454770361,5.004596945264919,5.397862144852206,-0.00304796207038327,-0.008293003200453675,-0.0005787173415036095,0.0,-6.547757454882473e-05,0.0
125,LCOHgamma_clusteringcoefficient,5.178718055764939,4.979590020781081,5.379373258553534,-0.002333811196067792,-0.007389716407399938,-0.00039499474844306715,0.0,0.0,0.0
126,LCOHgamma_nodestrength,5.178718055764939,4.979590020781081,5.361692834262738,-0.0025207384466323646,-0.006761625395775295,-0.00039499474844306715,0.0,0.0,0.0
127,LCOHtheta_betwcentr,5.22495708355445,5.0291294268098685,5.439278061388377,-0.0029998029084905564,-0.01368812235549216,-0.0003883345623624246,0.0,-0.0156823300566724,0.0
128,LCOHtheta_clusteringcoefficient,5.113739349149089,5.004638668793224,5.379373258553534,-0.0015464632309761805,-0.004607685175925524,-0.00036504175024254515,0.0,0.0,0.0
129,LCOHtheta_nodestrength,5.146692445285609,5.004754873241926,5.400908567642671,-0.0017642147281693443,-0.006238531585816609,-0.00039060900429221945,0.0,0.0,0.0
130,LPSalpha_betwcentr,5.123243217337242,5.009822292740479,5.412578537306848,-0.0025207384466323646,-0.007760009701093584,-0.00039499474844306715,0.0,0.0,0.0
131,LPSalpha_clusteringcoefficient,5.182208035736794,5.012617704600991,5.442993311527609,-0.002374659579601923,-0.008045438934141613,-0.00039060900429221945,0.0,0.0,0.0
132,LPSalpha_nodestrength,5.209263785766543,5.012617704600991,5.42311598918496,-0.002661398698619588,-0.008045438934141613,-0.0004068702847820349,0.0,-0.008261665611893978,0.0
133,LPSbeta_betwcentr,5.129939519172252,5.020089337092761,5.379373258553534,-0.0013125452736026944,-0.006901194886801687,-0.00033123408451984915,0.0,0.0,0.0
134,LPSbeta_clusteringcoefficient,5.110120413104239,4.979590020781081,5.379373258553534,-0.001214103342563777,-0.0033981872850975536,-0.00033378543946827044,0.0,0.0,0.0
135,LPSbeta_nodestrength,5.110120413104239,4.979590020781081,5.3486288020319765,-0.001114567739652017,-0.0032709916160870156,-0.00033123408451984915,0.0,0.0,0.0
136,LPSdelta_betwcentr,5.139493360287629,4.986437367292911,5.368050625623603,-0.0018618051187766493,-0.01287816388371027,0.00993542170163389,0.0,-0.0028760185745889347,0.13164566223251337
137,LPSdelta_clusteringcoefficient,5.112849423894797,4.979590020781081,5.400908567642671,-0.0024214571964030762,-0.006238531585816609,-0.00040762843209196653,0.0,0.0,0.0
138,LPSdelta_nodestrength,5.110120413104239,4.979590020781081,5.379373258553534,-0.0015464632309761805,-0.0041870020539958586,-0.0003883345623624246,0.0,0.0,0.0
139,LPSgamma_betwcentr,5.204173826713994,5.010076193397146,5.38678063776243,-0.0009395527333042608,-0.02268058522180766,0.004594275174882062,0.03367041491648337,-0.0010367371448086159,0.1533552266691407
140,LPSgamma_clusteringcoefficient,5.110120413104239,4.979590020781081,5.3486288020319765,-0.0014568399095518103,-0.0033981872850975536,-0.00039499474844306715,0.0,0.0,0.0
141,LPSgamma_nodestrength,5.110120413104239,4.979590020781081,5.348459315091427,-0.0015464632309761805,-0.0035660568317254504,-0.0004248160828800862,0.0,-0.004658541576027939,0.0
142,LPStheta_betwcentr,5.114681799101067,4.9737641963517305,5.364926959664481,-0.0016153945678648585,-0.006951172838627895,-0.0001528220291412974,0.0,0.0,0.0
143,LPStheta_clusteringcoefficient,5.133592972396521,5.004596945264919,5.352232941222702,-0.0020931166028084203,-0.006992450138261053,-0.00036504175024254515,0.0,0.0,0.0
144,LPStheta_nodestrength,5.142871863455348,4.997750666845354,5.356471775718843,-0.00250756393567908,-0.010854703748592098,-0.00039060900429221945,0.0,-0.07172435445397064,0.0
145,LT95Alpha,5.133704431008445,5.020312142812134,5.460550189984268,-0.0017642147281693443,-0.025100583808696342,-0.0003247807926211599,0.0,0.0,0.042565069525807415
146,LT95Beta,5.19030865789226,5.010437266288223,5.402292419566995,-0.004646292354314019,-0.03185653929715915,-0.0006637121683740754,0.0,-0.10325652565088483,0.0
147,LT95Delta,5.123243217337242,4.979590020781081,5.359954015324179,-0.0011298599360560768,-0.0032687629644032046,-0.00033123408451984915,0.0,0.0,0.0
148,LT95Gamma,5.253366176353868,4.957479772357944,5.399064316392939,-0.0020931166028084203,-0.031244668314818924,0.002307490938966733,0.001151594947200442,0.0,0.0987048499243403
149,LT95Theta,5.146692445285609,5.004596945264919,5.367577463948743,-0.0025207384466323646,-0.005399190451027769,-0.0004248160828800862,0.0,0.0,0.0
150,LyapExp,5.123243217337242,4.979590020781081,5.379373258553534,-0.0013125452736026944,-0.0033981872850975536,-0.00033378543946827044,0.0,0.0,0.0
151,LZC_exhaustive,5.13631633521995,5.026504918052382,5.400908567642671,-0.00304796207038327,-0.008078479505630343,-0.00042877459499307546,0.0,-0.04404266986421264,0.0
152,LZC_primitive,5.124885085313492,5.026504918052382,5.398831846089886,-0.00304796207038327,-0.008078479505630343,-0.00042877459499307546,0.0,0.0,0.0
153,Microstates_Temp_Param,5.152087480196942,5.0133777657923515,5.400908567642671,-0.0029330335192848667,-0.010318084997745669,-9.335131580251455e-05,0.0,-0.003603284004492964,0.019281943024927445
154,Microstates_Transitions,5.117869240866488,4.936142009024492,5.3643632443628695,0.01408655968558653,-0.0014991490768046511,0.034525520314347,0.16949831419236494,0.09745215197226481,0.23646765538239728
155,Mobility,5.166006438080133,5.018788703569801,5.398287503734739,-0.0020931166028084203,-0.007281820438892139,-0.0003883345623624246,0.0,-0.004756539595742934,0.0
156,rEEG_asymmetry_Alpha,5.202514265219152,5.030376758314622,5.421071596023999,-0.00304796207038327,-0.010817609779102177,-0.0008085572900344284,0.0,-0.07463513711786313,0.0
157,rEEG_asymmetry_Beta,5.163728212212808,4.979607102276061,5.378330891743094,-0.0014568399095518103,-0.003905260483438755,-0.00033378543946827044,0.0,0.0,0.0
158,rEEG_asymmetry_Delta,5.146692445285609,5.004596945264919,5.3486288020319765,-0.0015464632309761805,-0.003905260483438755,-0.0003883345623624246,0.0,0.0,0.0
159,rEEG_asymmetry_Gamma,5.146692445285609,4.979590020781081,5.3640149624067766,-0.002167368625407229,-0.006380201166142185,-0.00033123408451984915,0.0,0.0,0.0411277602642896
160,rEEG_asymmetry_Theta,5.18864574566602,5.022634492941437,5.433927068654372,-0.0035574839329589603,-0.019745580848082755,-0.0006099117749176486,0.0,-0.09006099735208492,0.0
161,rEEG_CV_Alpha,5.168737914743666,5.01932380413463,5.405207383706699,-0.0025207384466323646,-0.009276120280422406,-0.0003883345623624246,0.0,0.0,0.0
162,rEEG_CV_Beta,5.125003249686239,5.004596945264919,5.3486288020319765,-0.0013125452736026944,-0.004172544855706173,-0.00036504175024254515,0.0,0.0,0.0
163,rEEG_CV_Delta,5.123243217337242,4.977740989259248,5.3486288020319765,-0.0014568399095518103,-0.0036669598789618174,-0.00033378543946827044,0.0,0.0,0.0
164,rEEG_CV_Gamma,5.181093746673328,5.0020049182563895,5.386694845543853,-0.002333811196067792,-0.008078479505630343,-0.00042877459499307546,0.0,0.0,0.0
165,rEEG_CV_Theta,5.123243217337242,5.0020049182563895,5.3486288020319765,-0.0014155450357472565,-0.004211395182617594,-0.00036504175024254515,0.0,0.0,0.0
166,RQA_determinism,5.149773312278926,5.026504918052382,5.392930070674475,-0.002395719755174275,-0.007109502441139948,-0.00039499474844306715,0.0,0.0,0.0
167,RQA_entropy,5.188281167987437,5.0256457668759795,5.412745242484556,-0.0076407493599727205,-0.036430711822454165,-0.0010943277801633844,0.0,-0.11956147270505214,0.0
168,RQA_laminarity,5.151049231785844,5.02687188411081,5.406120541948095,-0.0026944911862436527,-0.008568467758492793,-0.00039499474844306715,0.0,-0.059131780063150716,0.0
169,RQA_max_diag,5.231060323163353,5.034901962413441,5.4081751478319156,-0.003890596810282365,-0.03966029764712603,0.0021666418906087226,0.009348362809511818,-0.0012130532811578838,0.12208124401728904
170,RQA_max_vert,5.313762989450279,5.032366467609465,5.476570840311243,-0.010765375200896377,-0.05686568664972791,-0.0008189596390731912,0.04409345377880457,0.0,0.11031874184766621
171,RQA_mean_diag,5.167426740538632,4.991266552144688,5.4079771084055945,-0.004369566268978109,-0.030267807799630397,-0.0006156409918470218,0.0,-0.0462625189265322,0.0
172,RQA_rte,5.189746427635296,5.027691489539329,5.422739200287627,-0.0044213840723225095,-0.024756020411887125,-0.00011696942024230772,0.0,-0.020475060282578145,0.06820982619939175
173,RQA_trappingtime,5.235081737351633,5.031466823321658,5.430436576548712,-0.007581056851063472,-0.0391446335283851,-0.0014135725313837444,0.0,-0.06201675090880746,0.0012880291764018545
174,SampEn,5.205494570942194,5.030102795562026,5.407940104166488,-0.004607071156146003,-0.02796795219125109,-0.0007783598488541044,0.0,-0.057402164406878065,0.0
175,SE_Alpha,5.196442033428276,5.026504918052382,5.3803045474868165,-0.0028351514382308762,-0.009033292245029745,-0.0005787173415036095,0.0,0.0,0.0
176,SE_Beta,5.166006438080133,5.016791952219611,5.410612369327573,-0.0024073029553191017,-0.00789550507866299,-0.0002630686587283271,0.0,0.0,0.01944151557930971
177,SE_Delta,5.123243217337242,4.979946319061694,5.42253813096074,-0.002586049277263802,-0.006238531585816609,-0.00039060900429221945,0.0,0.0,0.0
178,SE_Gamma,5.1717313064363815,5.012530556347574,5.361635531731885,-0.0029486349744342055,-0.008818490997583861,-0.0006491540933619144,0.0,-0.07235375057119314,0.0
179,SE_Theta,5.203441658148201,5.030102795562026,5.394762565069523,-0.0035234616944503916,-0.031111775927437524,-0.00039499474844306715,0.0,-0.04251714980557987,0.0
180,slor_alpha,5.107632905517901,4.980634215772611,5.358451983812246,-0.0010088055563028941,-0.006447218694783929,-0.00011696942024230772,0.0,0.0,0.06311063396528228
181,slor_beta,5.104574527851499,5.007067640873472,5.361308321838128,-0.003384179609479232,-0.00781643595523901,-0.00033123408451984915,0.0,-0.00638943168720316,0.0
182,slor_delta,5.123095278233327,5.011777752102213,5.387390424082627,-0.0015464632309761805,-0.003991902461761565,-0.0002388719297077846,0.0,0.0,0.0023138711118598394
183,slor_gamma,5.107906817619895,5.005880295579935,5.400908567642671,-0.0019726112995804845,-0.007959736226477332,-0.00028408824107550856,0.0,-0.021210389933673017,0.020968496093457432
184,slor_theta,5.1722743289329,5.021405874308161,5.402770384194383,-0.00263258262713717,-0.01635609509507796,-0.0003222241584094898,0.0,-0.036741419402170274,0.0
185,Theta,5.145535543417283,5.026504918052382,5.361692834262738,-0.0026850220163349148,-0.006238531585816609,-0.0006466807147222364,0.0,-0.006337829735828918,0.0
186,thetaPh_alphaAmp,5.159404062970415,5.012028320652173,5.381888244787666,-0.00304796207038327,-0.007577234165529856,-0.0006637121683740754,0.0,0.0,0.0
187,thetaPh_betaAmp,5.123693123359039,5.020089337092761,5.4075698525870015,-0.00244872317074063,-0.008045438934141613,-0.00039060900429221945,0.0,0.0,0.0
188,thetaPh_gammaAmp,5.110120413104239,4.979590020781081,5.361692834262738,-0.0015464632309761805,-0.003854227125675902,-0.00039499474844306715,0.0,0.0,0.0
189,WT95Alpha,5.170146277718283,5.026504918052382,5.400908567642671,-0.0025207384466323646,-0.01050571217768409,-0.00039060900429221945,0.0,-0.020454898518944376,0.0
190,WT95Beta,5.188968637530434,5.020089337092761,5.475464431479231,-0.0027577284460869045,-0.0111010052322143,-0.00040762843209196653,0.0,-0.057851790321195314,0.0
191,WT95Delta,5.123243217337242,5.020089337092761,5.37817609819586,-0.002333811196067792,-0.00595426589939918,-0.00028821160931397083,0.0,0.0,0.0
192,WT95Gamma,5.207706016592544,5.028855464057273,5.407014349402493,-0.001740283090004957,-0.019780040520441078,0.00047948481220511097,0.009322785443189383,0.0,0.10724544246436495
193,WT95Theta,5.172931091003895,5.0291294268098685,5.380783309456315,-0.00304796207038327,-0.009731878245537728,-0.0008886472051625183,0.0,0.0,0.0
